ID,email,firstname,lastname,country_code,createon,deliverydate,orderstatus,imagenurl
2a33c260-033d-4b1c-ac0b-0bfe41732149,jmckeag0@house.gov,Justen,McKeag,Fr,2020-11-05,2019-11-01,"1",http://dummyimage.com/136x100.png/dddddd/000000
70d2457a-bc26-4160-ba3c-696ca2be3c34,fsylvaine1@php.net,Francesco,Sylvaine,Fr,2022-02-17,2019-10-18,"2",http://dummyimage.com/226x100.png/dddddd/000000
53e71e08-5a29-4f3d-99aa-5add4e8e584b,pharberer2@wikispaces.com,Paco,Harberer,Es,2020-02-25,2021-12-23,"2",http://dummyimage.com/222x100.png/ff4444/ffffff
46e03f4e-c5a6-4dc8-8bcd-4b7f8af67bf2,tstairmond3@forbes.com,Tabbie,Stairmond,Es,2020-07-25,2020-01-20,"1",http://dummyimage.com/179x100.png/ff4444/ffffff
a1d961c1-1211-4c57-977e-9467076a6078,nleclaire4@ibm.com,Nehemiah,Le Claire,Es,2020-01-29,2020-01-20,"3",http://dummyimage.com/102x100.png/dddddd/000000
fe3fd088-7eb5-42cc-a042-ce6e17d6fefd,amaryan5@amazon.co.uk,Aleda,Maryan,Es,2021-07-07,2019-09-18,"3",http://dummyimage.com/176x100.png/5fa2dd/ffffff
f768abe4-680b-4fa1-88a6-072e91c31ee7,btoxell6@123-reg.co.uk,Brent,Toxell,Es,2020-09-16,2022-03-07,"1",http://dummyimage.com/181x100.png/cc0000/ffffff
530b0df3-450c-419e-bee1-2548faf709d7,ochristiensen7@columbia.edu,Orville,Christiensen,Es,2020-02-08,2019-11-26,"2",http://dummyimage.com/234x100.png/ff4444/ffffff
0c43b40a-2e2d-4c19-a242-f1cfe3b90544,bpalleske8@amazon.co.jp,Berkley,Palleske,Es,2020-11-04,2022-03-27,"2",http://dummyimage.com/112x100.png/cc0000/ffffff
8b7c076c-4a0b-40ba-8358-bd755aef73a1,golenichev9@accuweather.com,Galen,Olenichev,Es,2020-09-26,2020-05-02,"1",http://dummyimage.com/118x100.png/ff4444/ffffff
c3fb4677-d327-4f27-909b-013ab6b103c7,nmiddlemassa@unc.edu,Nickola,Middlemass,Es,2021-12-07,2021-01-07,"3",http://dummyimage.com/164x100.png/cc0000/ffffff
123c526d-8782-41e4-9395-a5c9ee5ba270,okeenb@blogs.com,Odille,Keen,Es,2022-01-25,2021-12-12,"1",http://dummyimage.com/123x100.png/cc0000/ffffff
755584a4-2db1-4857-b25e-3bc72787b2a5,bryalc@last.fm,Bill,Ryal,Es,2021-07-24,2021-10-27,"1",http://dummyimage.com/122x100.png/dddddd/000000
113134e8-b950-4e8e-9996-c30a74f37b35,kdorotd@google.it,Kingsly,Dorot,Es,2021-10-15,2020-06-16,"2",http://dummyimage.com/224x100.png/dddddd/000000